INSERT INTO "DISCIPLINE" (DISCIPLINE_NUMBER, DISCIPLINE_NAME) VALUES ('3', 'Mathematical analysis');
INSERT INTO "DISCIPLINE" (DISCIPLINE_NUMBER, DISCIPLINE_NAME) VALUES ('405', 'Discrete Mathematics');
INSERT INTO "DISCIPLINE" (DISCIPLINE_NUMBER, DISCIPLINE_NAME) VALUES ('303', 'English');


INSERT INTO "LESSON_TYPE" (LESSON_TYPE) VALUES ('practical work');
INSERT INTO "LESSON_TYPE" (LESSON_TYPE) VALUES ('laboratory work');
INSERT INTO "LESSON_TYPE" (LESSON_TYPE) VALUES ('lecture');

INSERT INTO "LESSON" (LESSON_ID, DISCIPLINE_NUMBER, LESSON_TYPE, LESSON_NUMBER, WEEK, WEEK_DAY) VALUES ('1', '303', 'lecture', '3', '2', '5');
INSERT INTO "LESSON" (LESSON_ID, DISCIPLINE_NUMBER, LESSON_TYPE, LESSON_NUMBER, WEEK, WEEK_DAY) VALUES ('2', '405', 'practical work', '3', '1', '6');
INSERT INTO "LESSON" (LESSON_ID, DISCIPLINE_NUMBER, LESSON_TYPE, LESSON_NUMBER, WEEK, WEEK_DAY) VALUES ('3', '3', 'lecture', '2', '2', '1');

INSERT INTO "CHECK_IN_USER" (ID_CODE, LAST_NAME, FIRST_NAME, MIDDLE_NAME, LOGIN, PASSWORD, EMAIL) VALUES ('3525602420', 'Lukianchenko', 'Rehina', 'Anatoliivna', 'login', 'default23FF', 'edee@kkk.com');
INSERT INTO "CHECK_IN_USER" (ID_CODE, LAST_NAME, FIRST_NAME, MIDDLE_NAME, LOGIN, PASSWORD, EMAIL) VALUES ('3525602999', 'Kuzina', 'Anna', 'Andriivna', 'jnjnjnj', 'default23kk', 'kuzina@gmail.com');
INSERT INTO "CHECK_IN_USER" (ID_CODE, LAST_NAME, FIRST_NAME, MIDDLE_NAME, LOGIN, PASSWORD, EMAIL) VALUES ('3525602489', 'Turina', 'Mariia', 'Oleksandrivna', 'mariiyka', 'jnfdjvnjdnv', 'turina@gmail.com');

INSERT INTO "FACULTY" (FACULTY_ID, FACULTY_NAME) VALUES ('1', 'Faculty of Applied Mathematics');
INSERT INTO "FACULTY" (FACULTY_ID, FACULTY_NAME) VALUES ('2', 'Faculty of Management and Marketing');
INSERT INTO "FACULTY" (FACULTY_ID, FACULTY_NAME) VALUES ('4', 'Chemistry and Technology Faculty ');

INSERT INTO "DEPARTMENT" (FACULTY_ID, DEPARTMENT_NAME) VALUES ('1', 'Applied mathematics department');
INSERT INTO "DEPARTMENT" (FACULTY_ID, DEPARTMENT_NAME) VALUES ('4', 'Chemistry department');
INSERT INTO "DEPARTMENT" (FACULTY_ID, DEPARTMENT_NAME) VALUES ('1', 'Computer Systems Software Department');


INSERT INTO "STUDENT_GROUP" (GROUP_ID, FACULTY_ID, DEPARTMENT_NAME, GROUP_NAME) VALUES ('5', '4', 'Chemistry department', 'CV-51');
INSERT INTO "STUDENT_GROUP" (GROUP_ID, FACULTY_ID, DEPARTMENT_NAME, GROUP_NAME) VALUES ('45', '1', 'Applied mathematics department', 'KM-51');
INSERT INTO "STUDENT_GROUP" (GROUP_ID, FACULTY_ID, DEPARTMENT_NAME, GROUP_NAME) VALUES ('4', '1', 'Applied mathematics department', 'KM-62');

INSERT INTO "DEAN" (DEAN_ID, FACULTY_ID, ID_CODE, START_DATE) VALUES ('12', '1', '3525602999',TO_DATE('2015-01-30 00:00:00', 'YYYY-MM-DD HH24:MI:SS'));
INSERT INTO "DEAN" (DEAN_ID, FACULTY_ID, ID_CODE, START_DATE) VALUES ('14', '1', '3525602489', TO_DATE('2019-11-07 03:03:42', 'YYYY-MM-DD HH24:MI:SS'));
INSERT INTO "DEAN" (DEAN_ID, FACULTY_ID, ID_CODE, START_DATE) VALUES ('13', '1', '3525602999', TO_DATE('2019-11-07 03:03:42', 'YYYY-MM-DD HH24:MI:SS'));

INSERT INTO "TEACHER" (TEACHER_ID, FACULTY_ID, ID_CODE, START_DATE, END_DATE, DEGREE) VALUES ('2', '1', '3525602420', TO_DATE('2017-11-18 03:08:39', 'YYYY-MM-DD HH24:MI:SS'), TO_DATE('2018-11-07 03:08:53', 'YYYY-MM-DD HH24:MI:SS'), 'assistant');
INSERT INTO "TEACHER" (TEACHER_ID, FACULTY_ID, ID_CODE, START_DATE, DEGREE) VALUES ('3', '1', '3525602420', TO_DATE('2018-11-13 03:14:21', 'YYYY-MM-DD HH24:MI:SS'), 'assistant');
INSERT INTO "TEACHER" (TEACHER_ID, FACULTY_ID, ID_CODE, START_DATE, DEGREE) VALUES ('4', '4', '3525602999', TO_DATE('2018-11-02 03:14:59', 'YYYY-MM-DD HH24:MI:SS'), 'assistant');

INSERT INTO "STUDENT" (STUDENT_ID, STUDENT_CARD, GROUP_ID, ID_CODE, START_DATE, END_DATE) VALUES ('4', 'KB10257247', '45', '3525602420', TO_DATE('2017-09-01 03:16:44', 'YYYY-MM-DD HH24:MI:SS'), TO_DATE('2019-06-22 03:17:38', 'YYYY-MM-DD HH24:MI:SS'));
INSERT INTO "STUDENT" (STUDENT_ID, STUDENT_CARD, GROUP_ID, ID_CODE, START_DATE, END_DATE) VALUES ('2', 'KB10257999', '45', '3525602489', TO_DATE('2017-09-01 00:00:00', 'YYYY-MM-DD HH24:MI:SS'), TO_DATE('2019-06-22 00:00:00', 'YYYY-MM-DD HH24:MI:SS'));
INSERT INTO "STUDENT" (STUDENT_ID, STUDENT_CARD, GROUP_ID, ID_CODE, START_DATE, END_DATE) VALUES ('5', 'KB10257278', '5', '3525602999', TO_DATE('2017-09-01 00:00:00', 'YYYY-MM-DD HH24:MI:SS'), TO_DATE('2019-06-22 00:00:00', 'YYYY-MM-DD HH24:MI:SS'));

INSERT INTO "SCHEDULE" (LESSON_ID, GROUP_ID, TEACHER_ID) VALUES ('1', '45', '3');
INSERT INTO "SCHEDULE" (LESSON_ID, GROUP_ID, TEACHER_ID) VALUES ('2', '5', '4');
INSERT INTO "SCHEDULE" (LESSON_ID, GROUP_ID, TEACHER_ID) VALUES ('1', '4', '3');

INSERT INTO "STUDENT_PRESENCE" (LESSON_ID, STUDENT_ID, PRESENCE_DATE, PRESENCE, TEACHER_ID) VALUES ('1', '4', TO_DATE('2018-11-01 03:23:55', 'YYYY-MM-DD HH24:MI:SS'), '1', '3');
INSERT INTO "STUDENT_PRESENCE" (LESSON_ID, STUDENT_ID, PRESENCE_DATE, PRESENCE, TEACHER_ID) VALUES ('1', '2', TO_DATE('2018-11-01 00:00:00', 'YYYY-MM-DD HH24:MI:SS'), '0', '3');
INSERT INTO "STUDENT_PRESENCE" (LESSON_ID, STUDENT_ID, PRESENCE_DATE, PRESENCE, TEACHER_ID) VALUES ('2', '5', TO_DATE('2018-11-02 03:24:03', 'YYYY-MM-DD HH24:MI:SS'), '1', '4');













