INSERT INTO "DISCIPLINE" (DISCIPLINE_ID, DISCIPLINE_NAME) VALUES ( '1', 'Mathematical analysis');
INSERT INTO "DISCIPLINE" (DISCIPLINE_ID, DISCIPLINE_NAME) VALUES ( '2', 'Discrete Mathematics');
INSERT INTO "DISCIPLINE" (DISCIPLINE_ID, DISCIPLINE_NAME) VALUES ( '3' , 'English');


INSERT INTO "CHECK_IN_USER" (ID_CODE, LAST_NAME, FIRST_NAME,  LOGIN, PASSWORD, EMAIL) VALUES ('3525602420', 'Lukianchenko', 'Rehina',  'login', 'default1AffwGG44', 'edee@kkk.com');
INSERT INTO "CHECK_IN_USER" (ID_CODE, LAST_NAME, FIRST_NAME,  LOGIN, PASSWORD, EMAIL) VALUES ('3525602999', 'Kuzina', 'Anna',  'jnjnjnj', 'default23kk', 'kuzina@gmail.com');
INSERT INTO "CHECK_IN_USER" (ID_CODE, LAST_NAME, FIRST_NAME,  LOGIN, PASSWORD, EMAIL) VALUES ('3525602489', 'Turina', 'Mariia',  'mariiyka', 'jnfdjvnjdnv', 'turina@gmail.com');


INSERT INTO "STUDENT_GROUP" (GROUP_ID,  GROUP_NAME) VALUES ('5',  'CV-51');
INSERT INTO "STUDENT_GROUP" (GROUP_ID,  GROUP_NAME) VALUES ('3',  'KM-51');
INSERT INTO "STUDENT_GROUP" (GROUP_ID,  GROUP_NAME) VALUES ('4',  'KM-62');


INSERT INTO "TEACHER" (TEACHER_ID,  ID_CODE, START_DATE, END_DATE, DEGREE) VALUES ('2',  '3525602420', TO_DATE('2017-11-18', 'YYYY-MM-DD'), TO_DATE('2018-11-07', 'YYYY-MM-DD'), 'assistant');
INSERT INTO "TEACHER" (TEACHER_ID,  ID_CODE, START_DATE, DEGREE) VALUES ('3',  '3525602420', TO_DATE('2018-11-13', 'YYYY-MM-DD'), 'assistant');
INSERT INTO "TEACHER" (TEACHER_ID,  ID_CODE, START_DATE, DEGREE) VALUES ('4',  '3525602999', TO_DATE('2018-11-02', 'YYYY-MM-DD'), 'assistant');


commit;
INSERT INTO "STUDENT" (STUDENT_ID,  GROUP_ID, ID_CODE, START_DATE, END_DATE) VALUES ('4', '3', '3525602420',  TO_DATE('2017-09-01', 'YYYY-MM-DD'), TO_DATE('2019-06-22', 'YYYY-MM-DD'));
INSERT INTO "STUDENT" (STUDENT_ID,  GROUP_ID, ID_CODE, START_DATE, END_DATE) VALUES ('2',  '4', '3525602999',TO_DATE('2017-09-01', 'YYYY-MM-DD'), TO_DATE('2019-06-22', 'YYYY-MM-DD'));
INSERT INTO "STUDENT" (STUDENT_ID,  GROUP_ID, ID_CODE, START_DATE, END_DATE) VALUES ('5',  '5','3525602489', TO_DATE('2017-09-01', 'YYYY-MM-DD'), TO_DATE('2019-06-22', 'YYYY-MM-DD'));
INSERT INTO "STUDENT" (STUDENT_ID,  GROUP_ID, ID_CODE, START_DATE, END_DATE) VALUES ('6',  '5','3525602489', TO_DATE('2017-09-01', 'YYYY-MM-DD'), TO_DATE('2019-06-22', 'YYYY-MM-DD'));
INSERT INTO "STUDENT" (STUDENT_ID,  GROUP_ID, ID_CODE, START_DATE, END_DATE) VALUES ('7',  '5','3525602489', TO_DATE('2017-09-01', 'YYYY-MM-DD'), TO_DATE('2019-06-22', 'YYYY-MM-DD'));
INSERT INTO "STUDENT" (STUDENT_ID,  GROUP_ID, ID_CODE, START_DATE, END_DATE) VALUES ('8',  '5','3525602489', TO_DATE('2017-09-01', 'YYYY-MM-DD'), TO_DATE('2019-06-22', 'YYYY-MM-DD'));


INSERT INTO "LESSON" (LESSON_ID,group_id,TEACHER_ID, DISCIPLINE_ID,  LESSON_NUMBER, week_number, WEEK_DAY, add_date) VALUES ('1','5', '2', '3',  '3', '2', '5', TO_DATE('2018-09-01', 'YYYY-MM-DD'));
INSERT INTO "LESSON" (LESSON_ID,group_id, TEACHER_ID, DISCIPLINE_ID,  LESSON_NUMBER, week_number, WEEK_DAY, add_date) VALUES ('2', '4', '3','1',  '3', '1', '6', TO_DATE('2018-09-01', 'YYYY-MM-DD'));
INSERT INTO "LESSON" (LESSON_ID, group_id , TEACHER_ID, DISCIPLINE_ID,  LESSON_NUMBER, week_number, WEEK_DAY, add_date) VALUES ('3','3','4',  '2', '2', '2', '1', TO_DATE('2018-09-01', 'YYYY-MM-DD'));



INSERT INTO "STUDENT_PRESENCE" (student_presence_id ,LESSON_ID, STUDENT_ID, lesson_date) VALUES ('1', '1', '4', TO_DATE('2018-11-01', 'YYYY-MM-DD'));
INSERT INTO "STUDENT_PRESENCE" (student_presence_id, LESSON_ID, STUDENT_ID, lesson_date) VALUES ('2','1', '2', TO_DATE('2018-11-01', 'YYYY-MM-DD'));
INSERT INTO "STUDENT_PRESENCE" (student_presence_id, LESSON_ID, STUDENT_ID, lesson_date) VALUES ('3', '2', '5', TO_DATE('2018-11-02', 'YYYY-MM-DD'));
INSERT INTO "STUDENT_PRESENCE" (student_presence_id, LESSON_ID, STUDENT_ID, lesson_date) VALUES ('4', '2', '6', TO_DATE('2018-11-02', 'YYYY-MM-DD'));













